[
  {
    "model": "sponsor.QuestionFlow", 
    "pk": 1, 
    "fields": {
      "question": "5", 
      "next_question": "10", 
      "response": "Female"
    }
  }, 
  {
    "model": "sponsor.QuestionFlow", 
    "pk": 2, 
    "fields": {
      "question": "10", 
      "next_question": "38", 
      "response": "Yes"
    }
  }, 
  {
    "model": "sponsor.QuestionFlow", 
    "pk": 3, 
    "fields": {
      "question": "10", 
      "next_question": "38", 
      "response": "No"
    }
  }, 
  {
    "model": "sponsor.QuestionFlow", 
    "pk": 4, 
    "fields": {
      "question": "14", 
      "next_question": "20", 
      "response": "No"
    }
  }, 
  {
    "model": "sponsor.QuestionFlow", 
    "pk": 5, 
    "fields": {
      "question": "14", 
      "next_question": "15", 
      "response": "Yes"
    }
  }, 
  {
    "model": "sponsor.QuestionFlow", 
    "pk": 6, 
    "fields": {
      "question": "14", 
      "next_question": "18", 
      "response": "In the past"
    }
  }, 
  {
    "model": "sponsor.QuestionFlow", 
    "pk": 7, 
    "fields": {
      "question": "20", 
      "next_question": "24", 
      "response": "No"
    }
  }, 
  {
    "model": "sponsor.QuestionFlow", 
    "pk": 8, 
    "fields": {
      "question": "20", 
      "next_question": "21", 
      "response": "Yes"
    }
  }, 
  {
    "model": "sponsor.QuestionFlow", 
    "pk": 9, 
    "fields": {
      "question": "24", 
      "next_question": "26", 
      "response": "No"
    }
  }, 
  {
    "model": "sponsor.QuestionFlow", 
    "pk": 10, 
    "fields": {
      "question": "24", 
      "next_question": "25", 
      "response": "Yes"
    }
  }, 
  {
    "model": "sponsor.QuestionFlow", 
    "pk": 11, 
    "fields": {
      "question": "26", 
      "next_question": "30", 
      "response": "No"
    }
  }, 
  {
    "model": "sponsor.QuestionFlow", 
    "pk": 12, 
    "fields": {
      "question": "26", 
      "next_question": "27", 
      "response": "Yes"
    }
  }, 
  {
    "model": "sponsor.QuestionFlow", 
    "pk": 13, 
    "fields": {
      "question": "27", 
      "next_question": "28", 
      "response": "Drugs"
    }
  }, 
  {
    "model": "sponsor.QuestionFlow", 
    "pk": 14, 
    "fields": {
      "question": "27", 
      "next_question": "28", 
      "response": "Chemicals"
    }
  }, 
  {
    "model": "sponsor.QuestionFlow", 
    "pk": 15, 
    "fields": {
      "question": "27", 
      "next_question": "29", 
      "response": "Food"
    }
  }, 
  {
    "model": "sponsor.QuestionFlow", 
    "pk": 16, 
    "fields": {
      "question": "27", 
      "next_question": "29", 
      "response": "Seasonal"
    }
  }, 
  {
    "model": "sponsor.QuestionFlow", 
    "pk": 17, 
    "fields": {
      "question": "32", 
      "next_question": "39", 
      "response": "Cardiovascular e.g. chest pain, high blood pressure"
    }
  }, 
  {
    "model": "sponsor.QuestionFlow", 
    "pk": 18, 
    "fields": {
      "question": "38", 
      "next_question": "89", 
      "response": "No"
    }
  }, 
  {
    "model": "sponsor.QuestionFlow", 
    "pk": 19, 
    "fields": {
      "question": "38", 
      "next_question": "89", 
      "response": "Yes"
    }
  }, 
  {
    "model": "sponsor.QuestionFlow", 
    "pk": 20, 
    "fields": {
      "question": "40", 
      "next_question": "42", 
      "response": "No"
    }
  }, 
  {
    "model": "sponsor.QuestionFlow", 
    "pk": 21, 
    "fields": {
      "question": "40", 
      "next_question": "41", 
      "response": "Yes"
    }
  }, 
  {
    "model": "sponsor.QuestionFlow", 
    "pk": 22, 
    "fields": {
      "question": "34", 
      "next_question": "37", 
      "response": "No"
    }
  }, 
  {
    "model": "sponsor.QuestionFlow", 
    "pk": 23, 
    "fields": {
      "question": "34", 
      "next_question": "35", 
      "response": "Yes"
    }
  }, 
  {
    "model": "sponsor.QuestionFlow", 
    "pk": 24, 
    "fields": {
      "question": "35", 
      "next_question": "36", 
      "response": "No"
    }
  }, 
  {
    "model": "sponsor.QuestionFlow", 
    "pk": 25, 
    "fields": {
      "question": "35", 
      "next_question": "36", 
      "response": "Yes"
    }
  }, 
  {
    "model": "sponsor.QuestionFlow", 
    "pk": 26, 
    "fields": {
      "question": "42", 
      "next_question": "44", 
      "response": "No"
    }
  }, 
  {
    "model": "sponsor.QuestionFlow", 
    "pk": 27, 
    "fields": {
      "question": "42", 
      "next_question": "43", 
      "response": "Yes"
    }
  }, 
  {
    "model": "sponsor.QuestionFlow", 
    "pk": 28, 
    "fields": {
      "question": "46", 
      "next_question": "49", 
      "response": "No"
    }
  }, 
  {
    "model": "sponsor.QuestionFlow", 
    "pk": 29, 
    "fields": {
      "question": "46", 
      "next_question": "47", 
      "response": "Yes"
    }
  }, 
  {
    "model": "sponsor.QuestionFlow", 
    "pk": 30, 
    "fields": {
      "question": "49", 
      "next_question": "51", 
      "response": "No"
    }
  }, 
  {
    "model": "sponsor.QuestionFlow", 
    "pk": 31, 
    "fields": {
      "question": "49", 
      "next_question": "50", 
      "response": "Yes"
    }
  }, 
  {
    "model": "sponsor.QuestionFlow", 
    "pk": 32, 
    "fields": {
      "question": "51", 
      "next_question": "56", 
      "response": "No"
    }
  }, 
  {
    "model": "sponsor.QuestionFlow", 
    "pk": 33, 
    "fields": {
      "question": "51", 
      "next_question": "52", 
      "response": "Yes"
    }
  }, 
  {
    "model": "sponsor.QuestionFlow", 
    "pk": 34, 
    "fields": {
      "question": "54", 
      "next_question": "56", 
      "response": "No"
    }
  }, 
  {
    "model": "sponsor.QuestionFlow", 
    "pk": 35, 
    "fields": {
      "question": "54", 
      "next_question": "55", 
      "response": "Yes"
    }
  }, 
  {
    "model": "sponsor.QuestionFlow", 
    "pk": 36, 
    "fields": {
      "question": "56", 
      "next_question": "73", 
      "response": "No"
    }
  }, 
  {
    "model": "sponsor.QuestionFlow", 
    "pk": 37, 
    "fields": {
      "question": "56", 
      "next_question": "57", 
      "response": "Yes"
    }
  }, 
  {
    "model": "sponsor.QuestionFlow", 
    "pk": 38, 
    "fields": {
      "question": "57", 
      "next_question": "71", 
      "response": "Breast"
    }
  }, 
  {
    "model": "sponsor.QuestionFlow", 
    "pk": 39, 
    "fields": {
      "question": "57", 
      "next_question": "59", 
      "response": "Digestive/Gastrointestinal"
    }
  }, 
  {
    "model": "sponsor.QuestionFlow", 
    "pk": 40, 
    "fields": {
      "question": "57", 
      "next_question": "60", 
      "response": "Endocrine and Neuroendocrine"
    }
  }, 
  {
    "model": "sponsor.QuestionFlow", 
    "pk": 41, 
    "fields": {
      "question": "57", 
      "next_question": "61", 
      "response": "Eye"
    }
  }, 
  {
    "model": "sponsor.QuestionFlow", 
    "pk": 42, 
    "fields": {
      "question": "57", 
      "next_question": "62", 
      "response": "Genitourinary"
    }
  }, 
  {
    "model": "sponsor.QuestionFlow", 
    "pk": 43, 
    "fields": {
      "question": "57", 
      "next_question": "58", 
      "response": "Germ Cell"
    }
  }, 
  {
    "model": "sponsor.QuestionFlow", 
    "pk": 44, 
    "fields": {
      "question": "57", 
      "next_question": "63", 
      "response": "Gynecologic"
    }
  }, 
  {
    "model": "sponsor.QuestionFlow", 
    "pk": 45, 
    "fields": {
      "question": "57", 
      "next_question": "64", 
      "response": "Head and Neck"
    }
  }, 
  {
    "model": "sponsor.QuestionFlow", 
    "pk": 46, 
    "fields": {
      "question": "57", 
      "next_question": "65", 
      "response": "Hematologic/Blood"
    }
  }, 
  {
    "model": "sponsor.QuestionFlow", 
    "pk": 47, 
    "fields": {
      "question": "57", 
      "next_question": "66", 
      "response": "Musculoskeletal"
    }
  }, 
  {
    "model": "sponsor.QuestionFlow", 
    "pk": 48, 
    "fields": {
      "question": "57", 
      "next_question": "67", 
      "response": "Neurologic"
    }
  }, 
  {
    "model": "sponsor.QuestionFlow", 
    "pk": 49, 
    "fields": {
      "question": "57", 
      "next_question": "68", 
      "response": "Respiratory/Thoracic"
    }
  }, 
  {
    "model": "sponsor.QuestionFlow", 
    "pk": 50, 
    "fields": {
      "question": "57", 
      "next_question": "69", 
      "response": "Skin"
    }
  }, 
  {
    "model": "sponsor.QuestionFlow", 
    "pk": 51, 
    "fields": {
      "question": "57", 
      "next_question": "70", 
      "response": "AIDS-Related"
    }
  }, 
  {
    "model": "sponsor.QuestionFlow", 
    "pk": 52, 
    "fields": {
      "question": "82", 
      "next_question": "84", 
      "response": "No"
    }
  }, 
  {
    "model": "sponsor.QuestionFlow", 
    "pk": 53, 
    "fields": {
      "question": "82", 
      "next_question": "83", 
      "response": "Yes"
    }
  }, 
  {
    "model": "sponsor.QuestionFlow", 
    "pk": 54, 
    "fields": {
      "question": "83", 
      "next_question": "84", 
      "response": "not_applicable"
    }
  }, 
  {
    "model": "sponsor.QuestionFlow", 
    "pk": 55, 
    "fields": {
      "question": "27", 
      "next_question": "85", 
      "response": "Food"
    }
  }, 
  {
    "model": "sponsor.QuestionFlow", 
    "pk": 56, 
    "fields": {
      "question": "27", 
      "next_question": "86", 
      "response": "Seasonal"
    }
  }
]