[
  {
    "model": "sponsor.Sponsor",
    "pk": "1",
    "fields": {
      "organization": "Academisch Medisch Centrum - Universiteit van Amsterdam (AMC-UvA)",
      "date_joined": "2020-03-25",
      "dateDeregistered": null,
      "contactPerson": "Berto J Bouma",
      "email": "berto@amcuva.edu",
      "phone": "5555555555",
      "location": "Amsterdam",
      "notes": "Koningsdag"
    }
  },
  {
    "model": "sponsor.Sponsor",
    "pk": "2",
    "fields": {
      "organization": "Kaiser Permanente",
      "date_joined": "2020-03-25",
      "dateDeregistered": null,
      "contactPerson": "Keyser Söze",
      "email": "kaiser@kaiserpermanente.com",
      "phone": "5555555555",
      "location": "California",
      "notes": "A Usual Suspect"
    }
  },
  {
    "model": "sponsor.Sponsor",
    "pk": "3",
    "fields": {
      "organization": "University of Pittsburgh",
      "date_joined": "2020-03-25",
      "dateDeregistered": null,
      "contactPerson": "Eli Lilly",
      "email": "eli@genentech.edu",
      "phone": "5555555555",
      "location": "Pittsburgh",
      "notes": "Panther Fan"
    }
  }
]
