[
  {
    "model": "sponsor.ClinicalTrialCriteria", 
    "pk": 1, 
    "fields": {
      "name": "allergies", 
      "options": "[\"Yes\", \"No\"]", 
      "valueType": "yes_no", 
      "parent": null, 
      "searchable": true, 
      "question_id": "26"
    }
  }, 
  {
    "model": "sponsor.ClinicalTrialCriteria", 
    "pk": 2, 
    "fields": {
      "name": "allergies type", 
      "options": "[\"Drugs\", \"Chemicals\", \"Food\", \"Seasonal\"]", 
      "valueType": "pick_one", 
      "parent": null, 
      "searchable": true, 
      "question_id": "27"
    }
  }, 
  {
    "model": "sponsor.ClinicalTrialCriteria", 
    "pk": 3, 
    "fields": {
      "name": "drug allergies", 
      "options": "[\"amoxicillin\", \"ampicillin\", \"penicillin\", \"tetracycline\", \"ibuprofen\", \"naproxen\", \"'aspirin\", \"cetuximab (Erbitux)\", \"rituximab (Rituxian)\", \"Insulin\", \"carbamazepine (Tegretol)\", \"lamotrigine (Lamictal)\", \"phenytoin\", \"atracurium\", \"succinylcholine\", \"vecuronium\"]", 
      "valueType": "list", 
      "parent": 2, 
      "searchable": false, 
      "question_id": "28"
    }
  }, 
  {
    "model": "sponsor.ClinicalTrialCriteria", 
    "pk": 4, 
    "fields": {
      "name": "food allergies", 
      "options": "[\"Milk\", \"Eggs\", \"Fish\", \"shellfish\", \"tree nuts\", \"Peanuts\", \"Wheat\", \"Soybeans\"]", 
      "valueType": "list", 
      "parent": 2, 
      "searchable": false, 
      "question_id": "85"
    }
  }, 
  {
    "model": "sponsor.ClinicalTrialCriteria", 
    "pk": 5, 
    "fields": {
      "name": "chemical allergies", 
      "options": "[\"amoxicillin\", \"ampicillin\", \"penicillin\", \"tetracycline\", \"ibuprofen\", \"naproxen\", \"'aspirin\", \"cetuximab (Erbitux)\", \"rituximab (Rituxian)\", \"Insulin\", \"carbamazepine (Tegretol)\", \"lamotrigine (Lamictal)\", \"phenytoin\", \"atracurium\", \"succinylcholine\", \"vecuronium\"]", 
      "valueType": "list", 
      "parent": 2, 
      "searchable": false, 
      "question_id": "28"
    }
  }, 
  {
    "model": "sponsor.ClinicalTrialCriteria", 
    "pk": 6, 
    "fields": {
      "name": "seasonal allergies", 
      "options": "[\"Birch pollen\", \"oak pollen\", \"grass pollen\", \"ragweed pollen\"]", 
      "valueType": "list", 
      "parent": 2, 
      "searchable": false, 
      "question_id": "86"
    }
  }, 
  {
    "model": "sponsor.ClinicalTrialCriteria", 
    "pk": 7, 
    "fields": {
      "name": "allergy symptoms", 
      "options": "[Blurred vision\", \"Pain/redness in eyes\", \"Itchy eyes\", \"Watery eyes\"', \"Hoarsness\", \"Smell or taste change\", \"Dizziness\", \"Drainage\", \"Itching throat\", \"Snoring\", \"Ringing in ears\", \"Headaches\", \"Itching (general)\", \"Rash\", \"Hives\", \"Depression\", \"Tremor\", \"Anxiety\", \"Persitent cough\", \"Wheezing\", \"Shortness of breath\", \"Chest pain\", \"Palpitation\", \"No sleep/Insomnia\"]", 
      "valueType": "list", 
      "parent": 6, 
      "searchable": false, 
      "question_id": "29"
    }
  }, 
  {
    "model": "sponsor.ClinicalTrialCriteria", 
    "pk": 8, 
    "fields": {
      "name": "tobacco", 
      "options": "[\"Yes\", \"No\", \"In the past\"]", 
      "valueType": "yes_no", 
      "parent": null, 
      "searchable": true, 
      "question_id": "14"
    }
  }, 
  {
    "model": "sponsor.ClinicalTrialCriteria", 
    "pk": 9, 
    "fields": {
      "name": "tobacco use", 
      "options": "[\"less than 6 months\", \"1-2 years\", \"2-5 years\", \"over 5 years\"]", 
      "valueType": "pick_one", 
      "parent": 8, 
      "searchable": false, 
      "question_id": "16"
    }
  }, 
  {
    "model": "sponsor.ClinicalTrialCriteria", 
    "pk": 10, 
    "fields": {
      "name": "tobacco frequecy", 
      "options": "[\"1 per day\", \"2-5 per day\", \"5-10 per day\", \"more than 10 per day\"]", 
      "valueType": "pick_one", 
      "parent": null, 
      "searchable": false, 
      "question_id": "15"
    }
  }, 
  {
    "model": "sponsor.ClinicalTrialCriteria", 
    "pk": 11, 
    "fields": {
      "name": "tobacco type", 
      "options": "[\"smokeless\", \"smoke tobacco\"]", 
      "valueType": "pick_one", 
      "parent": 8, 
      "searchable": false, 
      "question_id": "17"
    }
  }, 
  {
    "model": "sponsor.ClinicalTrialCriteria", 
    "pk": 12, 
    "fields": {
      "name": "tobacco quit", 
      "options": "[\"less than 6 months\", \"1-2 years\", \"2-5 years\", \"over 5 years\"]", 
      "valueType": "pick_one", 
      "parent": 8, 
      "searchable": false, 
      "question_id": "18"
    }
  }, 
  {
    "model": "sponsor.ClinicalTrialCriteria", 
    "pk": 13, 
    "fields": {
      "name": "BMI", 
      "options": "[]", 
      "valueType": "enter_val", 
      "parent": null, 
      "searchable": true, 
      "question_id": "87"
    }
  }, 
  {
    "model": "sponsor.ClinicalTrialCriteria", 
    "pk": 14, 
    "fields": {
      "name": "age", 
      "options": "[]", 
      "valueType": "list", 
      "parent": null, 
      "searchable": true, 
      "question_id": "3"
    }
  }, 
  {
    "model": "sponsor.ClinicalTrialCriteria", 
    "pk": 15, 
    "fields": {
      "name": "ethnicity", 
      "options": "[\"American Indian or Alaska Native\",\"Black or African American\", \"Hispanic or Latino\", \"Native Hawaiian or Other Pacific Islander\", \"White\"]", 
      "valueType": "list", 
      "parent": null, 
      "searchable": true, 
      "question_id": "4"
    }
  }, 
  {
    "model": "sponsor.ClinicalTrialCriteria", 
    "pk": 16, 
    "fields": {
      "name": "race", 
      "options": "[\"American Indian or Alaska Native\",\"Black or African American\", \"Hispanic or Latino\", \"Native Hawaiian or Other Pacific Islander\", \"White\"]", 
      "valueType": "list", 
      "parent": null, 
      "searchable": true, 
      "question_id": "4"
    }
  }, 
  {
    "model": "sponsor.ClinicalTrialCriteria", 
    "pk": 17, 
    "fields": {
      "name": "location", 
      "options": "list", 
      "valueType": "none", 
      "parent": null, 
      "searchable": false
    }
  }, 
  {
    "model": "sponsor.ClinicalTrialCriteria", 
    "pk": 18, 
    "fields": {
      "name": "city", 
      "options": "list", 
      "valueType": "none", 
      "parent": null, 
      "searchable": false
    }
  }, 
  {
    "model": "sponsor.ClinicalTrialCriteria", 
    "pk": 19, 
    "fields": {
      "name": "zipcode", 
      "options": "list", 
      "valueType": "none", 
      "parent": null, 
      "searchable": false
    }
  }, 
  {
    "model": "sponsor.ClinicalTrialCriteria", 
    "pk": 20, 
    "fields": {
      "name": "marital status", 
      "options": "[\"single\", \"married\", \"widowed\", \"divorced\", \"separated\", \"registered partnership\"]", 
      "valueType": "pick_one", 
      "parent": null, 
      "searchable": true, 
      "question_id": "7"
    }
  }, 
  {
    "model": "sponsor.ClinicalTrialCriteria", 
    "pk": 21, 
    "fields": {
      "name": "sexually active", 
      "options": "[\"Yes\", \"No\"]", 
      "valueType": "yes_no", 
      "parent": null, 
      "searchable": true, 
      "question_id": "9"
    }
  }, 
  {
    "model": "sponsor.ClinicalTrialCriteria", 
    "pk": 22, 
    "fields": {
      "name": "sexual activity", 
      "options": "[\"Yes\", \"No\"]", 
      "valueType": "yes_no", 
      "parent": null, 
      "searchable": true, 
      "question_id": "9"
    }
  }, 
  {
    "model": "sponsor.ClinicalTrialCriteria", 
    "pk": 23, 
    "fields": {
      "name": "birth control", 
      "options": "[\"Yes\", \"No\"]", 
      "valueType": "yes_no", 
      "parent": null, 
      "searchable": true, 
      "question_id": "10"
    }
  }, 
  {
    "model": "sponsor.ClinicalTrialCriteria", 
    "pk": 24, 
    "fields": {
      "name": "sunscreen", 
      "options": "[\"Yes\", \"No\"]", 
      "valueType": "yes_no", 
      "parent": null, 
      "searchable": true, 
      "question_id": "11"
    }
  }, 
  {
    "model": "sponsor.ClinicalTrialCriteria", 
    "pk": 25, 
    "fields": {
      "name": "chicken pox", 
      "options": "[\"Yes\", \"No\"]", 
      "valueType": "yes_no", 
      "parent": null, 
      "searchable": true, 
      "question_id": "12"
    }
  }, 
  {
    "model": "sponsor.ClinicalTrialCriteria", 
    "pk": 26, 
    "fields": {
      "name": "blood type", 
      "options": "[\"Yes\", \"No\"]", 
      "valueType": "yes_no", 
      "parent": null, 
      "searchable": true, 
      "question_id": "13"
    }
  }, 
  {
    "model": "sponsor.ClinicalTrialCriteria", 
    "pk": 27, 
    "fields": {
      "name": "living situation", 
      "options": "[\"own a home\", \"rent\", \"live with parents\", \"live with roommates\", \"homeless\"]", 
      "valueType": "pick_one", 
      "parent": null, 
      "searchable": true, 
      "question_id": "8"
    }
  }, 
  {
    "model": "sponsor.ClinicalTrialCriteria", 
    "pk": 28, 
    "fields": {
      "name": "exercise", 
      "options": "[\"Yes\", \"No\"]", 
      "valueType": "yes_no", 
      "parent": null, 
      "searchable": true, 
      "question_id": "20"
    }
  }, 
  {
    "model": "sponsor.ClinicalTrialCriteria", 
    "pk": 29, 
    "fields": {
      "name": "physical activity", 
      "options": "[\"Yes\", \"No\"]", 
      "valueType": "yes_no", 
      "parent": null, 
      "searchable": true, 
      "question_id": "20"
    }
  }, 
  {
    "model": "sponsor.ClinicalTrialCriteria", 
    "pk": 30, 
    "fields": {
      "name": "exercise frequency", 
      "options": "[\"1 day\", \"2 days\", \"3 days\", \"4 days\", \"5 days\", \"6 days\", \"7 days\"] ", 
      "valueType": "pick_one", 
      "parent": 29, 
      "searchable": false, 
      "question_id": "21"
    }
  }, 
  {
    "model": "sponsor.ClinicalTrialCriteria", 
    "pk": 31, 
    "fields": {
      "name": "exercise time", 
      "options": "[\"less than 30 minutes\", \"30-45 minutes\", \"45 minutes - 1 hour\", \"over 1 hour\"]", 
      "valueType": "pick_one", 
      "parent": 29, 
      "searchable": false, 
      "question_id": "22"
    }
  }, 
  {
    "model": "sponsor.ClinicalTrialCriteria", 
    "pk": 32, 
    "fields": {
      "name": "exercise type", 
      "options": "[\"balance exercises\", \"strength training\", \"aerobics\", \"flexibility exercises\"]", 
      "valueType": "pick_one", 
      "parent": 29, 
      "searchable": false, 
      "question_id": "23"
    }
  }, 
  {
    "model": "sponsor.ClinicalTrialCriteria", 
    "pk": 33, 
    "fields": {
      "name": "alcohol", 
      "options": "[\"Yes\", \"No\"]", 
      "valueType": "yes_no", 
      "parent": null, 
      "searchable": true, 
      "question_id": "24"
    }
  }, 
  {
    "model": "sponsor.ClinicalTrialCriteria", 
    "pk": 34, 
    "fields": {
      "name": "alcohol use", 
      "options": "[\"1\", \"2\", \"3\", \"4\", \"more than 5\"]", 
      "valueType": "pick_one", 
      "parent": 33, 
      "searchable": false, 
      "question_id": "25"
    }
  }, 
  {
    "model": "sponsor.ClinicalTrialCriteria", 
    "pk": 35, 
    "fields": {
      "name": "doctor visit", 
      "options": "[\"Yes\", \"No\"]", 
      "valueType": "yes_no", 
      "parent": null, 
      "searchable": true, 
      "question_id": "31"
    }
  }, 
  {
    "model": "sponsor.ClinicalTrialCriteria", 
    "pk": 36, 
    "fields": {
      "name": "medical checkup", 
      "options": "[\"Yes\", \"No\"]", 
      "valueType": "yes_no", 
      "parent": null, 
      "searchable": true, 
      "question_id": "31"
    }
  }, 
  {
    "model": "sponsor.ClinicalTrialCriteria", 
    "pk": 37, 
    "fields": {
      "name": "last medical checkup", 
      "options": "[\"less than 1 month\", \"1-3 months\", \"3-6 months\", \"6 months - 1 year\", \"over 1 year\"]", 
      "valueType": "pick_one", 
      "parent": 36, 
      "searchable": false, 
      "question_id": "30"
    }
  }, 
  {
    "model": "sponsor.ClinicalTrialCriteria", 
    "pk": 38, 
    "fields": {
      "name": "last doctor vist", 
      "options": "[\"less than 1 month\", \"1-3 months\", \"3-6 months\", \"6 months - 1 year\", \"over 1 year\"]", 
      "valueType": "pick_one", 
      "parent": null, 
      "searchable": false, 
      "question_id": "30"
    }
  }, 
  {
    "model": "sponsor.ClinicalTrialCriteria", 
    "pk": 39, 
    "fields": {
      "name": "medical issue", 
      "options": "[\"weight loss and fatigue\", \"Eye Problems: e.g. glaucoma\", \"Ear, Nose, Throat, Mouth\", \"Cardiovascular: e.g. angina, chest pain, heart attack, high blood pressure\",\"Respiratory: e.g. embolism, tuberculosis\", \"GI: e.g trouble swallowing, heartburn, reflux\", \"Urinary track infections or recurring problems\", \"Musculoskeletal: e.g. arthritis, osteoporosis\", \"Skin Problems: e.g. rashes, acne, psoriasis\", \"Neurological: e.g.headache, stroke\", \"Endocrine: e.g. diabetes, thyroid disease\", \"Psychiatric/Emotional: e.g. depression, eating disorders\", \"Hematologic Lymphatic: e.g. anemia, enlarged lymph nodes\"]", 
      "valueType": "list", 
      "parent": null, 
      "searchable": true, 
      "question_id": "32"
    }
  }, 
  {
    "model": "sponsor.ClinicalTrialCriteria", 
    "pk": 40, 
    "fields": {
      "name": "cardiovascular disease", 
      "options": "[\"Congenital heart disease\", \"Arrhythmia\", \"Coronary artery disease\", \"Dilated cardiomyopathy\", \"Myocardial infarction\", \"Heart failure\", \"Hypertrophic cardiomyopathy\", Mitral regurgitation\", \"Mitral valve prolapse\", \"Pulmonary stenosis\"]", 
      "valueType": "list", 
      "parent": null, 
      "searchable": true, 
      "question_id": "39"
    }
  }, 
  {
    "model": "sponsor.ClinicalTrialCriteria", 
    "pk": 41, 
    "fields": {
      "name": "heart disease", 
      "options": "[\"Congenital heart disease\", \"Arrhythmia\", \"Coronary artery disease\", \"Dilated cardiomyopathy\", \"Myocardial infarction\", \"Heart failure\", \"Hypertrophic cardiomyopathy\", Mitral regurgitation\", \"Mitral valve prolapse\", \"Pulmonary stenosis\"]", 
      "valueType": "list", 
      "parent": null, 
      "searchable": true, 
      "question_id": "39"
    }
  }, 
  {
    "model": "sponsor.ClinicalTrialCriteria", 
    "pk": 42, 
    "fields": {
      "name": "heart disease event", 
      "options": "[\"Yes\", \"No\"]", 
      "valueType": "yes_no", 
      "parent": 41, 
      "searchable": false, 
      "question_id": "40"
    }
  }, 
  {
    "model": "sponsor.ClinicalTrialCriteria", 
    "pk": 43, 
    "fields": {
      "name": "heart disease event time", 
      "options": "[\"less than 1 month ago\", \"1-3 months ago\", \"3-6 months ago\", \"6-12 months ago\", \"more than 1 year ago\"]", 
      "valueType": "pick_one", 
      "parent": 41, 
      "searchable": false, 
      "question_id": "41"
    }
  }, 
  {
    "model": "sponsor.ClinicalTrialCriteria", 
    "pk": 44, 
    "fields": {
      "name": "health volunteer", 
      "options": "[\"Yes\", \"No\"]", 
      "valueType": "yes_no", 
      "parent": null, 
      "searchable": false,
      "question_id": "33"
    }
  }, 
  {
    "model": "sponsor.ClinicalTrialCriteria", 
    "pk": 45, 
    "fields": {
      "name": "wearable device", 
      "options": "[\"Yes\", \"No\"]", 
      "valueType": "yes_no", 
      "parent": null, 
      "searchable": true, 
      "question_id": "34"
    }
  }, 
  {
    "model": "sponsor.ClinicalTrialCriteria", 
    "pk": 46, 
    "fields": {
      "name": "wearable device consent", 
      "options": "[\"Yes\", \"No\"]", 
      "valueType": "yes_no", 
      "parent": 45, 
      "searchable": false, 
      "question_id": "35"
    }
  }, 
  {
    "model": "sponsor.ClinicalTrialCriteria", 
    "pk": 47, 
    "fields": {
      "name": "wearable device type", 
      "options": "[\"Fitbit\", \"Apple Watch\", \"Garmin\", \"Misfit\", \"Pebble\"]", 
      "valueType": "list", 
      "parent": 45, 
      "searchable": false, 
      "question_id": "36"
    }
  }, 
  {
    "model": "sponsor.ClinicalTrialCriteria", 
    "pk": 48, 
    "fields": {
      "name": "consent", 
      "options": "[\"Yes\", \"No\"]", 
      "valueType": "yes_no", 
      "parent": null, 
      "searchable": true, 
      "question_id": "37"
    }
  }, 
  {
    "model": "sponsor.ClinicalTrialCriteria", 
    "pk": 49, 
    "fields": {
      "name": "pregnant", 
      "options": "[\"Yes\", \"No\"]", 
      "valueType": "yes_no", 
      "parent": null, 
      "searchable": true, 
      "question_id": "38"
    }
  }, 
  {
    "model": "sponsor.ClinicalTrialCriteria", 
    "pk": 50, 
    "fields": {
      "name": "breastfeeding", 
      "options": "[\"Yes\", \"No\"]", 
      "valueType": "yes_no", 
      "parent": null, 
      "searchable": true, 
      "question_id": "38"
    }
  }, 
  {
    "model": "sponsor.ClinicalTrialCriteria", 
    "pk": 51, 
    "fields": {
      "name": "healthcare provider", 
      "options": "[\"Yes\", \"No\"]", 
      "valueType": "yes_no", 
      "parent": null, 
      "searchable": true, 
      "question_id": "42"
    }
  }, 
  {
    "model": "sponsor.ClinicalTrialCriteria", 
    "pk": 52, 
    "fields": {
      "name": "healthcare provider name", 
      "options": "[\"Anthem\", \"Kaiser Permanente\", \"Aetna\", \"UnitedHealth Group\", \"Cardinal Health\"]", 
      "valueType": "pick_one", 
      "parent": 51, 
      "searchable": false, 
      "question_id": "43"
    }
  }, 
  {
    "model": "sponsor.ClinicalTrialCriteria", 
    "pk": 53, 
    "fields": {
      "name": "langauges", 
      "options": "[\"English\", \"Spanish\", \"French\", \"Italian\", \"Mandarin\", \"Japanese\"]", 
      "valueType": "list", 
      "parent": null, 
      "searchable": true, 
      "question_id": "44"
    }
  }, 
  {
    "model": "sponsor.ClinicalTrialCriteria", 
    "pk": 54, 
    "fields": {
      "name": "risk coherence", 
      "options": "[\"Yes\", \"No\"]", 
      "valueType": "yes_no", 
      "parent": null, 
      "searchable": true, 
      "question_id": "45"
    }
  }, 
  {
    "model": "sponsor.ClinicalTrialCriteria", 
    "pk": 55, 
    "fields": {
      "name": "medical procedure", 
      "options": "[\"Yes\", \"No\"]", 
      "valueType": "yes_no", 
      "parent": null, 
      "searchable": true, 
      "question_id": "46"
    }
  }, 
  {
    "model": "sponsor.ClinicalTrialCriteria", 
    "pk": 56, 
    "fields": {
      "name": "medical procedure type", 
      "options": "[\"hemodialysis\", \"peritoneal dialysis\", \"prandial insulin therapy\", \"surgery including the use of anesthesia\"]", 
      "valueType": "list", 
      "parent": 55, 
      "searchable": false, 
      "question_id": "47"
    }
  }, 
  {
    "model": "sponsor.ClinicalTrialCriteria", 
    "pk": 57, 
    "fields": {
      "name": "medical procedure time", 
      "options": "[\"in less than 3 months\", \"in 3-6 months\", \"in 6-12 months\"]", 
      "valueType": "pick_one", 
      "parent": 55, 
      "searchable": false, 
      "question_id": "48"
    }
  }, 
  {
    "model": "sponsor.ClinicalTrialCriteria", 
    "pk": 58, 
    "fields": {
      "name": "medication", 
      "options": "[\"Yes\", \"No\"]", 
      "valueType": "yes_no", 
      "parent": null, 
      "searchable": true, 
      "question_id": "49"
    }
  }, 
  {
    "model": "sponsor.ClinicalTrialCriteria", 
    "pk": 59, 
    "fields": {
      "name": "medication type", 
      "options": "[\"vitamins\", \"diet supplements\", \"herbal supplements\", \"glucocorticoid\", \"aspirin\", \"insulin\", \"other over-the-counter medications\", \"plavix/clopidogrel (for heart disease)\", \"coumadin/warfarin (blood thinners)\"]", 
      "valueType": "list", 
      "parent": 58, 
      "searchable": false, 
      "question_id": "50"
    }
  }, 
  {
    "model": "sponsor.ClinicalTrialCriteria", 
    "pk": 60, 
    "fields": {
      "name": "diabetes", 
      "options": "[\"Yes\", \"No\"]", 
      "valueType": "yes_no", 
      "parent": null, 
      "searchable": true, 
      "question_id": "51"
    }
  }, 
  {
    "model": "sponsor.ClinicalTrialCriteria", 
    "pk": 61, 
    "fields": {
      "name": "diabetes type", 
      "options": "[\"type 1\", \"type 2, \"gestational\", \"prediabetes\", \"secondary\"]", 
      "valueType": "pick_one", 
      "parent": 60, 
      "searchable": false, 
      "question_id": "52"
    }
  }, 
  {
    "model": "sponsor.ClinicalTrialCriteria", 
    "pk": 62, 
    "fields": {
      "name": "diabetes diagnosis time", 
      "options": "[\"less than 6 months\", \"1-2 years\", \"2-5 years\", \"over 5 years\"]", 
      "valueType": "pick_one", 
      "parent": 60, 
      "searchable": false, 
      "question_id": "53"
    }
  }, 
  {
    "model": "sponsor.ClinicalTrialCriteria", 
    "pk": 63, 
    "fields": {
      "name": "diabetes changes", 
      "options": "[\"Yes\", \"No\"]", 
      "valueType": "yes_no", 
      "parent": 60, 
      "searchable": false, 
      "question_id": "54"
    }
  }, 
  {
    "model": "sponsor.ClinicalTrialCriteria", 
    "pk": 64, 
    "fields": {
      "name": "diabetes changes time", 
      "options": "[\"less than 3 months ago\", \"3-6 months ago\", \"1-2 years ago\", \"2-5 years ago\", \"over 5 years ago\"]", 
      "valueType": "pick_one", 
      "parent": 60, 
      "searchable": false, 
      "question_id": "55"
    }
  }, 
  {
    "model": "sponsor.ClinicalTrialCriteria", 
    "pk": 65, 
    "fields": {
      "name": "cancer", 
      "options": "[\"Yes\", \"No\"]", 
      "valueType": "yes_no", 
      "parent": null, 
      "searchable": true, 
      "question_id": "56"
    }
  }, 
  {
    "model": "sponsor.ClinicalTrialCriteria", 
    "pk": 66, 
    "fields": {
      "name": "cancer body region", 
      "options": "[\"Breast\", \"Digestive/Gastrointestinal\", \"Endocrine and Neuroendocrine\", \"Eye\", \"Genitourinary\", \"Germ Cell\", \"Gynecologic\", \"Head and Neck\", \"Hematologic/Blood\", \"Musculoskeletal\", \"Neurologic\", \"Respiratory/Thoracic\", \"Skin\", \"AIDS-Related\"]", 
      "valueType": "list", 
      "parent": 65, 
      "searchable": false, 
      "question_id": "57"
    }
  }, 
  {
    "model": "sponsor.ClinicalTrialCriteria", 
    "pk": 67, 
    "fields": {
      "name": "germ cell cancer", 
      "options": "[\"Central Nervous System\", \"Extracranial Germ Cell Tumor\", \"Extragonadal Germ Cell Tumor\", \"Ovarian Germ Cell Tumor\", \"Testicular Cancer\"]", 
      "valueType": "list", 
      "parent": null, 
      "searchable": false, 
      "question_id": "58"
    }
  }, 
  {
    "model": "sponsor.ClinicalTrialCriteria", 
    "pk": 68, 
    "fields": {
      "name": "digestive/gastrointestinal cancer", 
      "options": "[\"Anal Cancer\", \"Appendix Cancer\", \"Bile Duct Cancer\", \"Carcinoid Tumor\", \"Gastrointestinal\", \"Colon Cancer\", \"Esophageal Cancer\", \"Gallbladder Cancer\", \"Gastric Cancer\", \"Gastrointestinal Stromal Tumors (GIST)\", \"Islet Cell Tumors\", \"Pancreatic Neuroendocrine Tumors\", \"Liver Cancer\", \"Pancreatic Cancer\", \"Rectal Cancer\", \"Small Intestine Cancer\", \"Stomach (Gastric) Cancer\"]\n", 
      "valueType": "list", 
      "parent": null, 
      "searchable": false, 
      "question_id": "59"
    }
  }, 
  {
    "model": "sponsor.ClinicalTrialCriteria", 
    "pk": 69, 
    "fields": {
      "name": "endocrine and neuroendocrine cancer", 
      "options": "[\"Adrenocortical Carcinoma\", \"Gastrointestinal Carcinoid Tumor\", \"Islet Cell Tumors\", \"Pancreatic Neuroendocrine Tumors\", \"Neuroendocrine Carcinoma of the Skin (Merkel Cell Carcinoma)\", \"Parathyroid Cancer\", \"Paraganglioma\", \"Pheochromocytoma\", \"Pituitary Tumor\", \"Thyroid Cancer\"]", 
      "valueType": "list", 
      "parent": null, 
      "searchable": false, 
      "question_id": "60"
    }
  }, 
  {
    "model": "sponsor.ClinicalTrialCriteria", 
    "pk": 70, 
    "fields": {
      "name": "eye cancer", 
      "options": "[\"Intraocular Melanoma\", \"Retinoblastoma\"]", 
      "valueType": "list", 
      "parent": null, 
      "searchable": false, 
      "question_id": "61"
    }
  }, 
  {
    "model": "sponsor.ClinicalTrialCriteria", 
    "pk": 71, 
    "fields": {
      "name": "genitourinary  cancer", 
      "options": "[\"Bladder Cancer\", \"Kidney (Renal Cell) Cancer\", \"Penile Cancer\", \"Prostate Cancer\", \"Renal Pelvis and Ureter Cancer\", \"Transitional Cell\", Testicular Cancer\", \"Urethral Cancer\", \"Wilms Tumor\"]", 
      "valueType": "list", 
      "parent": null, 
      "searchable": false, 
      "question_id": "62"
    }
  }, 
  {
    "model": "sponsor.ClinicalTrialCriteria", 
    "pk": 72, 
    "fields": {
      "name": "gynecologic cancer", 
      "options": "[\"Cervical Cancer\", \"Endometrial Cancer\", \"Fallopian Tube Cancer\", \"Gestational Trophoblastic Tumor\", \"Ovarian Epithelial Cancer\", \"Ovarian Germ Cell Tumor\", \"Ovarian Low Malignant Potential Tumor\", \"Primary Peritoneal Cancer\", \"Uterine Sarcoma\", \"Vaginal Cancer\", \"Vulvar Cancer\"]", 
      "valueType": "list", 
      "parent": null, 
      "searchable": false, 
      "question_id": "63"
    }
  }, 
  {
    "model": "sponsor.ClinicalTrialCriteria", 
    "pk": 73, 
    "fields": {
      "name": "head and neck cancer", 
      "options": "[\"Hypopharyngeal Cancer\", \"Laryngeal Cancer\", \"Lip and Oral Cavity Cancer\", \"Metastatic Squamous Neck Cancer\", \"Mouth Cancer\", \"Nasopharyngeal Cancer\", \"Paranasal Sinus and Nasal Cavity Cancer\", \"Parathyroid Cancer\", \"Pharyngeal Cancer\", \"Salivary Gland Cancer\", \"Throat Cancer\", \"Thyroid Cancer\"]", 
      "valueType": "list", 
      "parent": null, 
      "searchable": false, 
      "question_id": "64"
    }
  }, 
  {
    "model": "sponsor.ClinicalTrialCriteria", 
    "pk": 74, 
    "fields": {
      "name": "hematologic/blood cancer", 
      "options": "[\"Leukemia\", \"Lymphoma\"]", 
      "valueType": "list", 
      "parent": null, 
      "searchable": false, 
      "question_id": "65"
    }
  }, 
  {
    "model": "sponsor.ClinicalTrialCriteria", 
    "pk": 75, 
    "fields": {
      "name": "musculoskeletal cancer", 
      "options": "[\"Bone Cancer\", \"Rhabdomyosarcoma\", \"Soft Tissue Sarcoma\"]", 
      "valueType": "list", 
      "parent": null, 
      "searchable": false, 
      "question_id": "66"
    }
  }, 
  {
    "model": "sponsor.ClinicalTrialCriteria", 
    "pk": 76, 
    "fields": {
      "name": "neurologic cancer", 
      "options": "[\"Brain Tumor\", \"Neuroblastoma\", \"Pituitary Tumor\", \"Primary Central Nervous System (CNS) Lymphoma\"]", 
      "valueType": "list", 
      "parent": null, 
      "searchable": false, 
      "question_id": "67"
    }
  }, 
  {
    "model": "sponsor.ClinicalTrialCriteria", 
    "pk": 77, 
    "fields": {
      "name": "respiratory/thoraciccancer", 
      "options": "[\"Non-Small Cell Lung Cancer\", \"Small Cell Lung Cancer\", \"Pleuropulmonary Blastoma\", \"Tracheobronchial Tumors\", \"Malignant Mesothelioma\", \"Thymoma and Thymic Carcinoma\"]", 
      "valueType": "list", 
      "parent": null, 
      "searchable": false, 
      "question_id": "68"
    }
  }, 
  {
    "model": "sponsor.ClinicalTrialCriteria", 
    "pk": 78, 
    "fields": {
      "name": "skin cancer", 
      "options": "[\"Cutaneous T-Cell Lymphoma\", \"Kaposi Sarcoma\", \"Melanoma\", \"Merkel Cell Carcinoma\", \"Skin Cancer\", \"Cutaneous T-Cell Lymphoma\"]", 
      "valueType": "list", 
      "parent": null, 
      "searchable": false, 
      "question_id": "69"
    }
  }, 
  {
    "model": "sponsor.ClinicalTrialCriteria", 
    "pk": 79, 
    "fields": {
      "name": "AIDS-related cancer", 
      "options": "[\"AIDS-Related Lymphoma\", \"Primary Central Nervous System Lymphoma\", \"Kaposi Sarcoma\"]", 
      "valueType": "list", 
      "parent": null, 
      "searchable": false, 
      "question_id": "70"
    }
  }, 
  {
    "model": "sponsor.ClinicalTrialCriteria", 
    "pk": 80, 
    "fields": {
      "name": "cancer agents", 
      "options": "[\"Yes\", \"No\"]", 
      "valueType": "yes_no", 
      "parent": 65, 
      "searchable": false, 
      "question_id": "71"
    }
  }, 
  {
    "model": "sponsor.ClinicalTrialCriteria", 
    "pk": 81, 
    "fields": {
      "name": "monoclonal reaction", 
      "options": "[\"Yes\", \"No\"]", 
      "valueType": "yes_no", 
      "parent": 65, 
      "searchable": false, 
      "question_id": "72"
    }
  }, 
  {
    "model": "sponsor.ClinicalTrialCriteria", 
    "pk": 82, 
    "fields": {
      "name": "antiretroviral therapy", 
      "options": "[\"Yes\", \"No\"]", 
      "valueType": "yes_no", 
      "parent": 65, 
      "searchable": false, 
      "question_id": "74"
    }
  }, 
  {
    "model": "sponsor.ClinicalTrialCriteria", 
    "pk": 83, 
    "fields": {
      "name": "metastasis", 
      "options": "[\"Yes\", \"No\"]", 
      "valueType": "yes_no", 
      "parent": 65, 
      "searchable": false, 
      "question_id": "75"
    }
  }, 
  {
    "model": "sponsor.ClinicalTrialCriteria", 
    "pk": 84, 
    "fields": {
      "name": "oncologist evaluation", 
      "options": "[\"Yes\", \"No\"]", 
      "valueType": "yes_no", 
      "parent": 65, 
      "searchable": false, 
      "question_id": "76"
    }
  }, 
  {
    "model": "sponsor.ClinicalTrialCriteria", 
    "pk": 85, 
    "fields": {
      "name": "radiotherapy dose", 
      "options": "[\"Yes\", \"No\"]", 
      "valueType": "yes_no", 
      "parent": 65, 
      "searchable": false, 
      "question_id": "77"
    }
  }, 
  {
    "model": "sponsor.ClinicalTrialCriteria", 
    "pk": 86, 
    "fields": {
      "name": "prior cancer treatment", 
      "options": "[\"Yes\", \"No\"]", 
      "valueType": "yes_no", 
      "parent": 65, 
      "searchable": false, 
      "question_id": "78"
    }
  }, 
  {
    "model": "sponsor.ClinicalTrialCriteria", 
    "pk": 87, 
    "fields": {
      "name": "cancer consent", 
      "options": "[\"Yes\", \"No\"]", 
      "valueType": "yes_no", 
      "parent": 65, 
      "searchable": false, 
      "question_id": "79"
    }
  }, 
  {
    "model": "sponsor.ClinicalTrialCriteria", 
    "pk": 88, 
    "fields": {
      "name": "cancer supplements", 
      "options": "[\"Yes\", \"No\"]", 
      "valueType": "yes_no", 
      "parent": 65, 
      "searchable": false, 
      "question_id": "80"
    }
  }, 
  {
    "model": "sponsor.ClinicalTrialCriteria", 
    "pk": 89, 
    "fields": {
      "name": "post-diagnosis disease-free", 
      "options": "[\"less than 1 year\", \"1-2 years\", \"3-5 years\", \"more than 5 years\"]", 
      "valueType": "pick_one", 
      "parent": 65, 
      "searchable": false, 
      "question_id": "81"
    }
  }, 
  {
    "model": "sponsor.ClinicalTrialCriteria", 
    "pk": 90, 
    "fields": {
      "name": "HIV", 
      "options": "[\"Yes\", \"No\"]", 
      "valueType": "yes_no", 
      "parent": null, 
      "searchable": false, 
      "question_id": "73"
    }
  }, 
  {
    "model": "sponsor.ClinicalTrialCriteria", 
    "pk": 91, 
    "fields": {
      "name": "surgical injury history", 
      "options": "[\"Yes\", \"No\"]", 
      "valueType": "yes_no", 
      "parent": null, 
      "searchable": true, 
      "question_id": "82"
    }
  }, 
  {
    "model": "sponsor.ClinicalTrialCriteria", 
    "pk": 92, 
    "fields": {
      "name": "surgical injury time", 
      "options": "[\"less than a month ago\", \"1-3 months\", \"3-6 months\", \"6-12 months\", \"more than 1 year\"]", 
      "valueType": "pick_one", 
      "parent": null, 
      "searchable": true, 
      "question_id": "83"
    }
  }, 
  {
    "model": "sponsor.ClinicalTrialCriteria", 
    "pk": 93, 
    "fields": {
      "name": "wounds", 
      "options": "[\"Yes\", \"No\"]", 
      "valueType": "yes_no", 
      "parent": null, 
      "searchable": true, 
      "question_id": "84"
    }
  }
]