[
{
    "model": "auth.user",
    "pk": 1,
    "fields": {
        "password": "pbkdf2_sha256$180000$FJ70oAnWZMnR$PjIY61t8rZGu/o5QIOOwKHdsrFyv+vVOuF/lhGcB/gA=",
        "last_login": "2020-03-24T02:38:56.493Z",
        "is_superuser": true,
        "username": "admin",
        "first_name": "",
        "last_name": "",
        "email": "ryan_gallagher@me.com",
        "is_staff": true,
        "is_active": true,
        "date_joined": "2020-03-24T02:38:26.702Z",
        "groups": ["1"],
        "user_permissions": []
    }
},
{
    "model": "auth.user",
    "pk": 2,
    "fields": {
        "password": "pbkdf2_sha256$180000$ESimzMOb90iu$Pwh2BNA6Agqowo+Rlj4eY9L+48N8stc7cDY5zhadrdM=",
        "last_login": null,
        "is_superuser": false,
        "username": "kaiser",
        "first_name": "",
        "last_name": "",
        "email": "",
        "is_staff": false,
        "is_active": true,
        "date_joined": "2020-04-09T01:46:15.273Z",
        "groups": [],
        "user_permissions": []
    }
},
{
    "model": "auth.user",
    "pk": 3,
    "fields": {
        "password": "pbkdf2_sha256$180000$kuYOiSIKnOsS$MDmtHUaq6LWH59bF80W615mSJ0pbeLakWADUqd1lgXM=",
        "last_login": null,
        "is_superuser": false,
        "username": "pitt",
        "first_name": "",
        "last_name": "",
        "email": "",
        "is_staff": false,
        "is_active": true,
        "date_joined": "2020-04-09T01:47:16.125Z",
        "groups": [],
        "user_permissions": []
    }
},
{
    "model": "auth.user",
    "pk": 4,
    "fields": {
        "password": "pbkdf2_sha256$180000$eVplGFKD60qe$F5oU1j7w+V6dLzG+1EpwDEGgvFb6EvvBdT1dtyMJ1xs=",
        "last_login": null,
        "is_superuser": false,
        "username": "amsterdam",
        "first_name": "",
        "last_name": "",
        "email": "",
        "is_staff": false,
        "is_active": true,
        "date_joined": "2020-04-09T01:47:36.476Z",
        "groups": [],
        "user_permissions": []
    }
}
]
